id,repo,ref,python,domain,found_in,tried_on,pytest_summary,root_cause_guess,kept,reason
python-diskcache,grantjenks/python-diskcache,,3.12,Caching,awesome-python: Caching,2026-09-29,,,yes,confirm the tests need no network or paid service; PyPI name unknown - read the tag off the repo's Releases page
hishel,karpetrosyan/hishel,,3.12,Caching,awesome-python: Caching,2026-09-29,,,yes,confirm the tests need no network or paid service
dogpile-cache,sqlalchemy/dogpile.cache,1.1.4,3.12,Caching,awesome-python: Caching,2026-09-29,,,yes,confirm the tests need no network or paid service
django-cacheops,Suor/django-cacheops,6.0,3.12,Caching,awesome-python: Caching,2026-09-29,,,yes,confirm the tests need no network or paid service
django,django/django,4.0,3.12,Web Frameworks,awesome-python: Web Frameworks,2026-09-29,,,yes,large repo (282 MB); confirm the tests need no network or paid service
bottle,bottlepy/bottle,0.12.19,3.12,Web Frameworks,awesome-python: Web Frameworks,2026-09-29,,,yes,confirm the tests need no network or paid service
pyramid,Pylons/pyramid,2.0,3.12,Web Frameworks,awesome-python: Web Frameworks,2026-09-29,,,yes,confirm the tests need no network or paid service
fasthtml,AnswerDotAI/fasthtml,,,Web Frameworks,Web Frameworks,2026-09-29,,,no,not pure Python (repo language is Jupyter Notebook)
starlette,Kludex/starlette,0.17.1,3.12,Web Frameworks,awesome-python: Web Frameworks,2026-09-29,,,yes,confirm the tests need no network or paid service
tornado,tornadoweb/tornado,,,Web Frameworks,Web Frameworks,2026-09-29,,,no,reserved for B12 (BugsInPy)
litestar,litestar-org/litestar,,3.12,Web Frameworks,awesome-python: Web Frameworks,2026-09-29,,,yes,large repo (203 MB); confirm the tests need no network or paid service
reflex,reflex-dev/reflex,,3.12,Web Frameworks,awesome-python: Web Frameworks,2026-09-29,,,yes,confirm the tests need no network or paid service
pandas,pandas-dev/pandas,,,Data Analysis,Data Analysis,2026-09-29,,,no,reserved for B12 (BugsInPy)
polars,pola-rs/polars,,,Data Analysis,Data Analysis,2026-09-29,,,no,not pure Python (repo language is Rust)
ibis,ibis-project/ibis,3.2.0,3.12,Data Analysis,awesome-python: Data Analysis,2026-09-29,,,yes,ships .cc sources - check for a C extension; confirm the tests need no network or paid service
click,pallets/click,8.0.3,3.12,CLI Development,awesome-python: CLI Development,2026-09-29,,,yes,confirm the tests need no network or paid service
python-prompt-toolkit,prompt-toolkit/python-prompt-toolkit,3.0.24,3.12,CLI Development,awesome-python: CLI Development,2026-09-29,,,yes,confirm the tests need no network or paid service
python-fire,google/python-fire,0.1.0,3.12,CLI Development,awesome-python: CLI Development,2026-09-29,,,yes,confirm the tests need no network or paid service
tqdm,tqdm/tqdm,,,CLI Development,CLI Development,2026-09-29,,,no,reserved for B12 (BugsInPy)
rich,Textualize/rich,10.16.1,3.12,CLI Development,awesome-python: CLI Development,2026-09-29,,,yes,confirm the tests need no network or paid service
colorama,tartley/colorama,0.4.4,3.12,CLI Development,awesome-python: CLI Development,2026-09-29,,,yes,confirm the tests need no network or paid service
alive-progress,rsalmei/alive-progress,2.1.0,3.12,CLI Development,awesome-python: CLI Development,2026-09-29,,,yes,confirm the tests need no network or paid service
textual,Textualize/textual,0.1.12,3.12,CLI Development,awesome-python: CLI Development,2026-09-29,,,yes,large repo (496 MB); confirm the tests need no network or paid service
urwid,urwid/urwid,2.1.2,3.12,CLI Development,awesome-python: CLI Development,2026-09-29,,,yes,confirm the tests need no network or paid service
asciimatics,peterbrittain/asciimatics,1.13.0,3.12,CLI Development,awesome-python: CLI Development,2026-09-29,,,yes,confirm the tests need no network or paid service
pytest,pytest-dev/pytest,6.2.5,3.12,Testing,awesome-python: Testing,2026-09-29,,,yes,confirm the tests need no network or paid service
hypothesis,HypothesisWorks/hypothesis,6.34.1,3.12,Testing,awesome-python: Testing,2026-09-29,,,yes,ships .rs sources - check for a C extension; confirm the tests need no network or paid service
robotframework,robotframework/robotframework,4.1.3,3.12,Testing,awesome-python: Testing,2026-09-29,,,yes,confirm the tests need no network or paid service
tox,tox-dev/tox,3.24.5,3.12,Testing,awesome-python: Testing,2026-09-29,,,yes,confirm the tests need no network or paid service
nox,wntrblm/nox,2021.10.1,3.12,Testing,awesome-python: Testing,2026-09-29,,,yes,confirm the tests need no network or paid service
playwright-python,microsoft/playwright-python,1.17.2,3.12,Testing,awesome-python: Testing,2026-09-29,,,yes,confirm the tests need no network or paid service
selenium,SeleniumHQ/selenium,,,Testing,Testing,2026-09-29,,,no,not pure Python (repo language is Java)
seleniumbase,seleniumbase/SeleniumBase,2.3.5,3.12,Testing,awesome-python: Testing,2026-09-29,,,yes,confirm the tests need no network or paid service
locust,locustio/locust,2.5.1,3.12,Testing,awesome-python: Testing,2026-09-29,,,yes,confirm the tests need no network or paid service
schemathesis,schemathesis/schemathesis,3.12.1,3.12,Testing,awesome-python: Testing,2026-09-29,,,yes,confirm the tests need no network or paid service
responses,getsentry/responses,0.16.0,3.12,Testing,awesome-python: Testing,2026-09-29,,,yes,confirm the tests need no network or paid service
freezegun,spulec/freezegun,1.1.0,3.12,Testing,awesome-python: Testing,2026-09-29,,,yes,confirm the tests need no network or paid service
vcrpy,kevin1024/vcrpy,4.1.1,3.12,Testing,awesome-python: Testing,2026-09-29,,,yes,confirm the tests need no network or paid service
respx,lundberg/respx,0.19.0,3.12,Testing,awesome-python: Testing,2026-09-29,,,yes,confirm the tests need no network or paid service
factory-boy,FactoryBoy/factory_boy,3.2.1,3.12,Testing,awesome-python: Testing,2026-09-29,,,yes,confirm the tests need no network or paid service
polyfactory,litestar-org/polyfactory,,3.12,Testing,awesome-python: Testing,2026-09-29,,,yes,confirm the tests need no network or paid service
coveragepy,coveragepy/coveragepy,6.2,3.12,Testing,awesome-python: Testing,2026-09-29,,,yes,ships .c sources - check for a C extension; confirm the tests need no network or paid service
faker,joke2k/faker,11.1.0,3.12,Testing,awesome-python: Testing,2026-09-29,,,yes,confirm the tests need no network or paid service
mimesis,lk-geimfari/mimesis,5.2.1,3.12,Testing,awesome-python: Testing,2026-09-29,,,yes,confirm the tests need no network or paid service
dateutil,dateutil/dateutil,,3.12,Date and Time,awesome-python: Date and Time,2026-09-29,,,yes,confirm the tests need no network or paid service; PyPI name unknown - read the tag off the repo's Releases page
dateparser,scrapinghub/dateparser,1.1.0,3.12,Date and Time,awesome-python: Date and Time,2026-09-29,,,yes,confirm the tests need no network or paid service
pendulum,python-pendulum/pendulum,2.1.2,3.12,Date and Time,awesome-python: Date and Time,2026-09-29,,,yes,ships .rs sources - check for a C extension; confirm the tests need no network or paid service
whenever,ariebovenberg/whenever,,3.12,Date and Time,awesome-python: Date and Time,2026-09-29,,,yes,ships .rs sources - check for a C extension; confirm the tests need no network or paid service
charset-normalizer,jawah/charset_normalizer,2.0.9,3.12,Text Processing,awesome-python: Text Processing,2026-09-29,,,yes,ships .pxd/.pyx sources - check for a C extension; confirm the tests need no network or paid service
chardet,chardet/chardet,4.0.0,3.12,Text Processing,awesome-python: Text Processing,2026-09-29,,,yes,ships .pxd sources - check for a C extension; confirm the tests need no network or paid service
python-ftfy,rspeer/python-ftfy,6.0.3,3.12,Text Processing,awesome-python: Text Processing,2026-09-29,,,yes,confirm the tests need no network or paid service
rapidfuzz,rapidfuzz/RapidFuzz,1.9.1,3.12,Text Processing,awesome-python: Text Processing,2026-09-29,,,yes,ships .cpp/.pxd/.pyx sources - check for a C extension; confirm the tests need no network or paid service
pyfiglet,pwaller/pyfiglet,0.7.6,3.12,Text Processing,awesome-python: Text Processing,2026-09-29,,,yes,confirm the tests need no network or paid service
babel,python-babel/babel,2.9.1,3.12,Text Processing,awesome-python: Text Processing,2026-09-29,,,yes,ships .cpp sources - check for a C extension; confirm the tests need no network or paid service
pygments,pygments/pygments,2.11.1,3.12,Text Processing,awesome-python: Text Processing,2026-09-29,,,yes,ships .c/.cpp/.f/.f90/.rs sources - check for a C extension; confirm the tests need no network or paid service
pyparsing,pyparsing/pyparsing,3.0.6,3.12,Text Processing,awesome-python: Text Processing,2026-09-29,,,yes,confirm the tests need no network or paid service
sqlparse,andialbrecht/sqlparse,0.4.2,3.12,Text Processing,awesome-python: Text Processing,2026-09-29,,,yes,confirm the tests need no network or paid service
python-phonenumbers,daviddrysdale/python-phonenumbers,,3.12,Text Processing,awesome-python: Text Processing,2026-09-29,,,yes,confirm the tests need no network or paid service; PyPI name unknown - read the tag off the repo's Releases page
parsy,python-parsy/parsy,1.4.0,3.12,Text Processing,awesome-python: Text Processing,2026-09-29,,,yes,confirm the tests need no network or paid service
python-slugify,un33k/python-slugify,5.0.2,3.12,Text Processing,awesome-python: Text Processing,2026-09-29,,,yes,confirm the tests need no network or paid service
unidecode,avian2/unidecode,1.3.2,3.12,Text Processing,awesome-python: Text Processing,2026-09-29,,,yes,confirm the tests need no network or paid service
shortuuid,skorokithakis/shortuuid,1.0.8,3.12,Text Processing,awesome-python: Text Processing,2026-09-29,,,yes,confirm the tests need no network or paid service
sqids-python,sqids/sqids-python,,3.12,Text Processing,awesome-python: Text Processing,2026-09-29,,,yes,confirm the tests need no network or paid service
python-qrcode,lincolnloop/python-qrcode,7.3.1,3.12,Image Processing,awesome-python: Image Processing,2026-09-29,,,yes,confirm the tests need no network or paid service
python-barcode,WhyNotHugo/python-barcode,0.13.1,3.12,Image Processing,awesome-python: Image Processing,2026-09-29,,,yes,confirm the tests need no network or paid service
pillow,python-pillow/Pillow,8.4.0,3.12,Image Processing,awesome-python: Image Processing,2026-09-29,,,yes,ships .c sources - check for a C extension; large repo (211 MB); confirm the tests need no network or paid service
scikit-image,scikit-image/scikit-image,0.19.1,3.12,Image Processing,awesome-python: Image Processing,2026-09-29,,,yes,ships .c/.cpp/.pxd/.pyx sources - check for a C extension; confirm the tests need no network or paid service
rembg,danielgatis/rembg,,3.12,Image Processing,awesome-python: Image Processing,2026-09-29,,,yes,confirm the tests need no network or paid service
wand,emcconville/wand,0.6.7,3.12,Image Processing,awesome-python: Image Processing,2026-09-29,,,yes,confirm the tests need no network or paid service
pyvips,libvips/pyvips,2.1.16,3.12,Image Processing,awesome-python: Image Processing,2026-09-29,,,yes,confirm the tests need no network or paid service
thumbor,thumbor/thumbor,6.7.5,3.12,Image Processing,awesome-python: Image Processing,2026-09-29,,,yes,ships .c sources - check for a C extension; confirm the tests need no network or paid service
httpx,encode/httpx,0.21.1,3.12,HTTP Clients,awesome-python: HTTP Clients,2026-09-29,,,yes,confirm the tests need no network or paid service
aiohttp,aio-libs/aiohttp,3.8.1,3.12,HTTP Clients,awesome-python: HTTP Clients,2026-09-29,,,yes,ships .pxd/.pyx sources - check for a C extension; confirm the tests need no network or paid service
urllib3,urllib3/urllib3,1.26.7,3.12,HTTP Clients,awesome-python: HTTP Clients,2026-09-29,,,yes,confirm the tests need no network or paid service
httpx2,pydantic/httpx2,,3.12,HTTP Clients,awesome-python: HTTP Clients,2026-09-29,,,yes,confirm the tests need no network or paid service
yarl,aio-libs/yarl,1.7.2,3.12,HTTP Clients,awesome-python: HTTP Clients,2026-09-29,,,yes,ships .pyx sources - check for a C extension; confirm the tests need no network or paid service
sqlalchemy,sqlalchemy/sqlalchemy,1.4.29,3.12,ORM,awesome-python: ORM,2026-09-29,,,yes,ships .pxd sources - check for a C extension; confirm the tests need no network or paid service
peewee,coleifer/peewee,3.14.8,3.12,ORM,awesome-python: ORM,2026-09-29,,,yes,ships .pyx sources - check for a C extension; confirm the tests need no network or paid service
sqlmodel,fastapi/sqlmodel,0.0.6,3.12,ORM,awesome-python: ORM,2026-09-29,,,yes,confirm the tests need no network or paid service
pynamodb,pynamodb/PynamoDB,5.1.0,3.12,ORM,awesome-python: ORM,2026-09-29,,,yes,confirm the tests need no network or paid service
mongoengine,MongoEngine/mongoengine,0.23.1,3.12,ORM,awesome-python: ORM,2026-09-29,,,yes,confirm the tests need no network or paid service
beanie,BeanieODM/beanie,1.8.10,3.12,ORM,awesome-python: ORM,2026-09-29,,,yes,confirm the tests need no network or paid service
