id,pytest_shows,root_cause,first_step,also_acceptable,partial_if,wrong_if,checked_by_trying,later_layers,labelled_by,labelled_on,reviewed_by,review_notes
click,"pytest cannot start: AttributeError: __spec__ (exit 1, run 1 and run 2 identical)",version_incompatibility,"Upgrade py==1.10.0 to a version compatible with Python 3.12 (e.g. py==1.11.0), then rerun pytest.",Upgrade the legacy pytest/py test toolchain to Python-3.12-compatible versions; alternatively run the pinned test stack on an older compatible Python version.,Identifies a dependency/version incompatibility involving the pinned test stack but does not identify py==1.10.0.,Recommends upgrading pytest alone; attributes the first failure to click source code; or treats a later-layer failure as the first blocker.,"Ablation in the twin, three runs: pytest 9.1.1 with py 1.10.0 still fails with the same AttributeError: __spec__; upgrading only py to 1.11.0 makes pytest start (1 collection error left); py 1.11.0 with the original pytest 6.2.5 also starts (19 collection errors). The blocker is the py pin, not pytest.","With a startable pytest 6.2.5 the suite hits 19 collection errors of DeprecationWarning: ast.Str is deprecated (pytest 6.2.5's own src/_pytest/assertion/rewrite.py:823 on Python 3.12); with pytest 9.1.1 instead, tests/test_basic.py fails to collect because click's own test passes itertools.chain as parametrize argvalues.",Yongjun Chi,2026-09-30,WEI YI,Merged: first_step keeps the specific py==1.10.0 upgrade; the broader toolchain/older-Python option moved to also_acceptable.
pytest,"ConftestImportFailure while loading testing/conftest.py: DeprecationWarning: ast.Str is deprecated and will be removed in Python 3.14; use ast.Constant instead (exit 4, both runs)",version_incompatibility,"Run the pinned pytest 6.2.5 test stack on an older compatible Python version (e.g. Python 3.10), then rerun the tests.",Update the legacy pytest test stack/code so its AST handling is compatible with Python 3.12.,Correctly identifies a Python-version incompatibility but does not identify changing the interpreter as the first action.,"Treats pkg_resources or later test failures as the original root cause, or proposes project-code changes for the initial collection failure.",Twin on Python 3.10.21 with the same pinned dependencies: the conftest import failure is gone and the suite runs -- 2849 passed.,"86 failed, 2849 passed, 100 skipped, 9 xfailed, 12 errors. 67 of the error lines are ModuleNotFoundError: No module named 'pkg_resources' (environment artifact: the uv venv has no setuptools, uv --seed installs pip only); the rest are expected-output mismatches of a 2021 test suite.",Yongjun Chi,2026-09-30,WEI YI,Merged: first_step runs the pinned stack on an older Python; upgrading the stack moved to also_acceptable.
dateparser,"3 collection errors, every one ModuleNotFoundError: No module named 'fasttext' (exit 2, 17 warnings, both runs)",missing_dependency,"Install the declared fasttext dependency; on this Windows/Python 3.12 environment, make it install successfully by providing the required C++/MSVC build toolchain or another compatible installation path.",Install the project's declared fasttext extra in an environment where fasttext can be built or installed successfully.,Correctly identifies fasttext as missing but does not account for the native-build/install requirement in this Windows/Python 3.12 environment.,"Attributes the initial collection errors to dateparser application logic, removes/skips the affected tests, or claims fasttext is an undeclared dependency.","Twin verification: unresolved / intervention unavailable in the current environment. uv pip install fasttext fails with 'error: Microsoft Visual C++ 14.0 or greater is required', fasttext stays absent and the run is identical to the original. The root cause (the declared extra is not installed) is confirmed; the intervention itself cannot be executed here.","Not measured: the first layer cannot be closed in this environment, so nothing behind it is observable.",Yongjun Chi,2026-09-30,WEI YI,Merged wording; root cause and partial/wrong criteria unchanged.
python-qrcode,"9 failed, 62 passed, 2 skipped (exit 1, both runs). The first failure is ValueError: Invalid format string at qrcode/release.py:34; the other 8 are ModuleNotFoundError: No module named 'pkg_resources' at qrcode/console_scripts.py:36 (ScriptTest)",version_incompatibility,"Replace the non-portable strftime('%-d %b %Y') usage with a Windows-compatible date-formatting approach, then rerun the tests.",Run the tests on a platform where the %-d strftime directive is supported.,"Fixes only one of the two %-d occurrences, or correctly identifies the portability issue without removing it from both production and test code.","Treats has_calls or missing pkg_resources as the first blocker, or changes only unrelated dependencies without addressing %-d.","Twin step 1 (qrcode/release.py:34 only): the same ValueError, now raised from tests/test_release.py:37 -- the directive is in two places, so the first layer is not cleared. Twin step 2 (both sites): 'Invalid format string' drops to 0 occurrences. The 8 pkg_resources failures are untouched by design.","Layer 2a: after the format fix the release test fails at tests/test_release.py:39, mock_file().write.has_calls(...) -- modern unittest.mock rejects the name ('has_calls' is not a valid assertion). Layer 2b (environment/tooling artifact, not a second project defect): the uv-created venv has no setuptools, so qrcode/console_scripts.py:36 'from pkg_resources import get_distribution' raises ModuleNotFoundError and 8 ScriptTest cases fail.",Yongjun Chi,2026-09-30,WEI YI,"Merged wording. Layer check confirmed: %-d is the first layer; the pkg_resources failures stay in later_layers, not first_step."
httpx,"ConftestImportFailure while loading tests/conftest.py: DeprecationWarning: ast.Str is deprecated and will be removed in Python 3.14; use ast.Constant instead (exit 4, both runs)",version_incompatibility,"Run the pinned 2021 pytest/tooling stack on an older compatible Python version, then rerun the tests.",Upgrade the pinned pytest/tooling stack to versions compatible with Python 3.12.,Identifies the pinned pytest/Python compatibility problem but gives only a generic dependency-upgrade action.,Attributes the initial failure to httpx's cgi import/deprecation warning or modifies httpx application code before resolving the pytest compatibility blocker.,Twin with pytest 9.1.1 instead of the pinned pytest==6.2.4: ast.Str appears 0 times in the whole output.,"With the new pytest the conftest still fails to import, but on httpx's own code: tests/conftest.py:20 -> httpx/_models.py:1 -> import cgi, DeprecationWarning: 'cgi' is deprecated and slated for removal in Python 3.13, escalated to an error by httpx's own setup.cfg filterwarnings = error.",Yongjun Chi,2026-09-30,WEI YI,Merged: first_step runs the pinned stack on an older Python; upgrading the stack moved to also_acceptable.
python-ftfy,"318 passed, 10 xfailed (exit 0, both runs)",healthy,No repair needed; the test suite passes in the held-out environment.,Keep the current environment and test command as-is.,Recognizes that the suite passes but suggests unnecessary investigation or non-functional cleanup.,Diagnoses a root cause or recommends a required fix despite the held-out suite passing.,No twin: there is no failure to remove.,None -- nothing fails after the first (non-)step.,Yongjun Chi,2026-09-30,WEI YI,Merged wording; healthy verdict unchanged.
robotframework,"98 errors, every one ModuleNotFoundError: No module named 'robot' (exit 2, both runs)",local_module,"Make the repository's src/robot package importable before test collection, matching the path setup performed by the project's test runner.","Install the project editable, add src/ to PYTHONPATH, or run through the project's own test entry point.",Correctly identifies that the local robot package is not on the import path but gives only a generic import-error diagnosis.,"Installs an unrelated external robot package, treats resources/classes or the GBK error as the initial root cause, or modifies tests to suppress the import failure.",Twin with a root conftest.py that inserts src/ and nothing else: all 98 No module named 'robot' errors disappear.,"4 collection errors remain from the other paths utest/run.py supplies (utest/run.py:28-33 adds ../src and ../atest/testresources/testlibs, and its discovery adds the utest/ directory itself): No module named 'resources' and No module named 'classes'. The 5th is a GBK UnicodeEncodeError from utest/utils/test_encoding.py:9, which encodes with the machine's cp936 console codepage.",Yongjun Chi,2026-09-30,WEI YI,Merged wording; equivalent import-path options moved to also_acceptable.
python-slugify,"7 failed, 124 passed (exit 1, both runs): one failure plus 6 failing subtests, all in tests/test_release.py and all from the two regression tests taken from fix commit 8f9a550, e.g. 'one-' != 'one' and '-' != ''",code_defect,Fix _modern_truncate so hard cuts do not leave trailing post-replacement delimiters.,Fix the modern hard-cut/truncation logic so repeated delimiters are handled without leaving a trailing delimiter.,Identifies _modern_truncate/repeated-delimiter handling but proposes an incomplete fix that does not satisfy the regression case.,"Changes the test expectation, attributes the failure to environment/dependencies, or suppresses the failing regression instead of fixing the truncation logic.","Twin with the fix commit's slugify/slugify.py: 125 passed, exit 0, twice.",None -- after the fix every one of the 125 items passes.,Yongjun Chi,2026-09-30,WEI YI,Merged wording; code_defect verdict unchanged.
django-cacheops,"1 collection error: django.core.exceptions.ImproperlyConfigured: Requested setting CACHEOPS_DEGRADE_ON_FAILURE, but settings are not configured ... define the environment variable DJANGO_SETTINGS_MODULE or call settings.configure() (exit 2, both runs)",config_missing,"Set DJANGO_SETTINGS_MODULE=tests.settings and initialize Django as required before test collection, matching the project's test runner.","Run through the project's own test runner, which configures Django before executing the tests.",Sets DJANGO_SETTINGS_MODULE only: this removes ImproperlyConfigured but leaves AppRegistryNotReady; or correctly identifies missing Django initialization without completing both required initialization steps.,"Treats the later database-table or Redis failures as the original root cause, or changes application logic instead of initializing the Django test environment.","Twin step 1 (DJANGO_SETTINGS_MODULE only): ImproperlyConfigured drops to 0. Twin step 2 (the same initialisation as run_tests.py:3 + :20, settings module plus django.setup()): collection works and the tests run.",Step 1 revealed django.core.exceptions.AppRegistryNotReady: Apps aren't loaded yet (the second thing run_tests.py:20 does). Step 2 revealed a third layer: sqlite3.OperationalError: no such table: tests_category (run_tests.py also runs makemigrations itself) and redis.exceptions.ConnectionError ... localhost:6379 (no Redis service on this machine).,Yongjun Chi,2026-09-30,WEI YI,Merged wording; partial_if still applies to setting the variable alone.
seleniumlibrary,"33 errors, every one ModuleNotFoundError: No module named 'SeleniumLibrary' (exit 2, both runs)",local_module,"Make the repository's src/SeleniumLibrary package importable before test collection, matching the path setup performed by utest/run.py.","Install the project editable, add src/ to PYTHONPATH, or run through utest/run.py.",Identifies the missing local SeleniumLibrary import path but does not specify how to expose src/.,"Treats the later Firefox/geckodriver failures as the initial root cause, or installs an unrelated package instead of exposing the repository's local source tree.",Twin with a root conftest.py that inserts src/ and nothing else: all 33 No module named 'SeleniumLibrary' errors disappear.,"3 failed, 217 passed, 24 skipped. The 3 failures are firefox cases in utest/test/keywords/test_selenium_options_parser.py, e.g. FileNotFoundError for utest/output_dir/geckodriver-1.log (selenium is unpinned in requirements-dev.txt and installed as 4.49.0), unrelated to the import layer.",Yongjun Chi,2026-09-30,WEI YI,Merged wording; equivalent import-path options moved to also_acceptable.
django-storages,"253 errors, every one django.core.exceptions.ImproperlyConfigured: Requested setting DATABASES, but settings are not configured ... define the environment variable DJANGO_SETTINGS_MODULE (exit 1, both runs)",config_missing,"Set DJANGO_SETTINGS_MODULE=tests.settings before running pytest, matching the project's tox configuration.","Run the tests through the project's tox environment, which sets DJANGO_SETTINGS_MODULE.",Correctly identifies missing Django settings configuration but does not identify tests.settings or an equivalent initialization.,"Treats the later Windows path failures as the original blocker, or changes storage implementation code before supplying the missing Django configuration.","Twin with DJANGO_SETTINGS_MODULE=tests.settings in the environment and nothing else: ImproperlyConfigured drops to 0, 2 failed and 251 passed.",The 2 remaining failures are Windows path handling: dropbox's stone validator rejecting 'C:/foo' ('did not match pattern ...') and an assertion 'parent\chil.txt' != 'parent/chil.txt'. Neither is a configuration problem.,Yongjun Chi,2026-09-30,WEI YI,first_step unchanged; also_acceptable reworded to running via the project's tox environment.
python-markdown,"2 collection errors (exit 2, both runs); the first is ModuleNotFoundError: No module named 'yaml' at tests/test_apis.py:34",missing_dependency,"Install the project's declared testing extra (e.g. pip install -e .[testing]) so that PyYAML (yaml) is installed, then rerun the tests.",Install PyYAML directly before rerunning the tests.,"Identifies PyYAML/yaml as the missing dependency or recommends installing the testing dependencies, but does not connect the missing package to the testing extra omitted by the documented editable-install command.","Attributes the initial failure to pytest compatibility or project code, modifies/skips tests to avoid importing yaml, or addresses the later TestSuite collection failure before making PyYAML available.","Original --repeat 2 is stable (exit 2, 2 errors, both runs) and the project's own documented command fails the same way: python -m unittest discover tests in the untouched environment gives Ran 894 tests, FAILED (errors=1, skipped=129) on the same line, tests/test_apis.py:34 (raw output: twins/python-markdown.docpath.txt). Twin: the same interpreter fails 'import yaml' on its own, then exactly one package is installed in the copy (uv pip install pyyaml 6.0.3 -- the testing extra's other entry, coverage, deliberately left out; no project or test file edited), and the target error drops to 0 occurrences with collection reaching 1090 items.","After PyYAML was installed, the target yaml import failure disappeared. A distinct pytest collection incompatibility then surfaced involving a unittest.TestSuite-derived test class in tests/test_syntax/extensions/test_md_in_html.py (modern pytest refuses to collect a Test* class with an __init__ constructor, so the PytestCollectionWarning interrupts collection); this is not part of the missing-dependency root cause. The repository has no pytest configuration at all (no pytest.ini, no setup.cfg, no [tool.pytest.ini_options], no [pytest] section in tox.ini), so the residual is modern pytest against 2021 test code, not project config. Installing PyYAML therefore closes the first layer; it does not leave a failing missing-dependency layer behind.",Yongjun Chi,2026-09-30,WEI YI,Merged wording. Layer check confirmed: missing PyYAML is the first layer; the PytestCollectionWarning stays in later_layers.
