id,label_root_cause,label_first_step,also_acceptable,partial_if,wrong_if,fixfirst_headline,fixfirst_first_step,fixfirst_cause,fixfirst_hedged,fixfirst_rules,fixfirst_command,search_offered,score,scored_by,notes
click,version_incompatibility,"Upgrade py==1.10.0 to a version compatible with Python 3.12 (e.g. py==1.11.0), then rerun pytest.",Upgrade the legacy pytest/py test toolchain to Python-3.12-compatible versions; alternatively run the pinned test stack on an older compatible Python version.,Identifies a dependency/version incompatibility involving the pinned test stack but does not identify py==1.10.0.,Recommends upgrading pytest alone; attributes the first failure to click source code; or treats a later-layer failure as the first blocker.,1 problem to fix,Read the original output and investigate by hand,Defect in project code or tests,yes,F01,,,wrong,C,"归因""项目代码或测试的缺陷""，命中 wrong_if（把首次失败归到 click 源码），第一步为通用调查；hedged=yes（只说""可能""）"
pytest,version_incompatibility,"Run the pinned pytest 6.2.5 test stack on an older compatible Python version (e.g. Python 3.10), then rerun the tests.",Update the legacy pytest test stack/code so its AST handling is compatible with Python 3.12.,Correctly identifies a Python-version incompatibility but does not identify changing the interpreter as the first action.,"Treats pkg_resources or later test failures as the original root cause, or proposes project-code changes for the initial collection failure.",1 problem to fix,Check that the tool is available and ran to completion,,no,,,,generic,C,"未给出原因，第一步""确认工具可用并跑完""为通用检查"
dateparser,missing_dependency,"Install the declared fasttext dependency; on this Windows/Python 3.12 environment, make it install successfully by providing the required C++/MSVC build toolchain or another compatible installation path.",Install the project's declared fasttext extra in an environment where fasttext can be built or installed successfully.,Correctly identifies fasttext as missing but does not account for the native-build/install requirement in this Windows/Python 3.12 environment.,"Attributes the initial collection errors to dateparser application logic, removes/skips the affected tests, or claims fasttext is an undeclared dependency.",1 problem to fix,Install the declared dependency that provides fasttext,Missing third-party dependency,no,D20,<home>\heldout-projects\dateparser\.venv\Scripts\python.exe -m pip install --log <home>\heldout-projects\dateparser\.fixfirst\installation\session-cedf039ebea1\94aae2beb39cb31d\16630f064c95db8606e67753.log --disable-pip-version-check --only-binary=:all: fasttext,,partial,C,原因正确（缺 fasttext）且给了安装命令，但未处理 Windows/Python 3.12 下的原生编译要求，命中 partial_if
python-qrcode,version_incompatibility,"Replace the non-portable strftime('%-d %b %Y') usage with a Windows-compatible date-formatting approach, then rerun the tests.",Run the tests on a platform where the %-d strftime directive is supported.,"Fixes only one of the two %-d occurrences, or correctly identifies the portability issue without removing it from both production and test code.","Treats has_calls or missing pkg_resources as the first blocker, or changes only unrelated dependencies without addressing %-d.",2 problems to fix,Check the import path and dependency declarations,Version incompatibility,yes,F01,,,partial,C,"原因类别正确（版本不兼容），命中 partial_if（认出问题但未修 %-d）；hedged=yes（只说""可能""）；第一步为通用调查，与原因脱节"
httpx,version_incompatibility,"Run the pinned 2021 pytest/tooling stack on an older compatible Python version, then rerun the tests.",Upgrade the pinned pytest/tooling stack to versions compatible with Python 3.12.,Identifies the pinned pytest/Python compatibility problem but gives only a generic dependency-upgrade action.,Attributes the initial failure to httpx's cgi import/deprecation warning or modifies httpx application code before resolving the pytest compatibility blocker.,1 problem to fix,Check that the tool is available and ran to completion,,no,,,,generic,C,"未给出原因，第一步""确认工具可用并跑完""为通用检查"
python-ftfy,healthy,No repair needed; the test suite passes in the held-out environment.,Keep the current environment and test command as-is.,Recognizes that the suite passes but suggests unnecessary investigation or non-functional cleanup.,Diagnoses a root cause or recommends a required fix despite the held-out suite passing.,All tests pass,(no must-fix step),,,,,,correct,C,健康项目，正确标记 (no must-fix step)
robotframework,local_module,"Make the repository's src/robot package importable before test collection, matching the path setup performed by the project's test runner.","Install the project editable, add src/ to PYTHONPATH, or run through the project's own test entry point.",Correctly identifies that the local robot package is not on the import path but gives only a generic import-error diagnosis.,"Installs an unrelated external robot package, treats resources/classes or the GBK error as the initial root cause, or modifies tests to suppress the import failure.",1 problem to fix,Make the project module robot importable,Local module or path problem,no,D13,,,correct,C,原因（本地模块/路径）与第一步（让 robot 可导入）均命中标签
python-slugify,code_defect,Fix _modern_truncate so hard cuts do not leave trailing post-replacement delimiters.,Fix the modern hard-cut/truncation logic so repeated delimiters are handled without leaving a trailing delimiter.,Identifies _modern_truncate/repeated-delimiter handling but proposes an incomplete fix that does not satisfy the regression case.,"Changes the test expectation, attributes the failure to environment/dependencies, or suppresses the failing regression instead of fixing the truncation logic.",1 problem to fix,Compare the failed assertion's expected and actual values,Defect in project code or tests,no,D40,,,generic,C,"未识别 _modern_truncate（未达 partial_if 的识别要求），第一步""比较断言期望值与实际值""为通用诊断"
django-cacheops,config_missing,"Set DJANGO_SETTINGS_MODULE=tests.settings and initialize Django as required before test collection, matching the project's test runner.","Run through the project's own test runner, which configures Django before executing the tests.",Sets DJANGO_SETTINGS_MODULE only: this removes ImproperlyConfigured but leaves AppRegistryNotReady; or correctly identifies missing Django initialization without completing both required initialization steps.,"Treats the later database-table or Redis failures as the original root cause, or changes application logic instead of initializing the Django test environment.",1 problem to fix,Read the original output and investigate by hand,Missing configuration,yes,F01,,,partial,C,"认出缺配置（hedged=yes，只说""可能""），但第一步未解决 Django 初始化问题，命中 partial_if"
seleniumlibrary,local_module,"Make the repository's src/SeleniumLibrary package importable before test collection, matching the path setup performed by utest/run.py.","Install the project editable, add src/ to PYTHONPATH, or run through utest/run.py.",Identifies the missing local SeleniumLibrary import path but does not specify how to expose src/.,"Treats the later Firefox/geckodriver failures as the initial root cause, or installs an unrelated package instead of exposing the repository's local source tree.",1 problem to fix,Make the project module SeleniumLibrary importable,Local module or path problem,no,D13,,,correct,C,原因（本地模块/路径）与第一步（让 SeleniumLibrary 可导入）均命中标签
django-storages,config_missing,"Set DJANGO_SETTINGS_MODULE=tests.settings before running pytest, matching the project's tox configuration.","Run the tests through the project's tox environment, which sets DJANGO_SETTINGS_MODULE.",Correctly identifies missing Django settings configuration but does not identify tests.settings or an equivalent initialization.,"Treats the later Windows path failures as the original blocker, or changes storage implementation code before supplying the missing Django configuration.",1 problem to fix,Inspect the exception raised while running the test,Missing configuration,yes,F01,,,partial,C,"认出缺 Django 配置（hedged=yes，只说""可能""）但未指出 tests.settings，命中 partial_if"
python-markdown,missing_dependency,"Install the project's declared testing extra (e.g. pip install -e .[testing]) so that PyYAML (yaml) is installed, then rerun the tests.",Install PyYAML directly before rerunning the tests.,"Identifies PyYAML/yaml as the missing dependency or recommends installing the testing dependencies, but does not connect the missing package to the testing extra omitted by the documented editable-install command.","Attributes the initial failure to pytest compatibility or project code, modifies/skips tests to avoid importing yaml, or addresses the later TestSuite collection failure before making PyYAML available.",2 problems to fix,"Install pyyaml, which provides the import yaml",Missing third-party dependency,no,D21,<home>\heldout-projects\python-markdown\.venv\Scripts\python.exe -m pip install --log <home>\heldout-projects\python-markdown\.fixfirst\installation\session-248645025fe8\bf1a372ef69ab285\02408c178759f10ad7a9d902.log --disable-pip-version-check --only-binary=:all: pyyaml,,correct,C,"""Install pyyaml"" 与标签 also_acceptable（直接安装 PyYAML）一致"
